Destination,periodo,Argentina,Bolivia (Plurinational State of),Brazil,Chile,Colombia,Costa Rica,Cuba,Dominican Republic,Ecuador,El Salvador,Guatemala,Haiti,Honduras,Mexico,Nicaragua,Panama,Paraguay,Peru,United States of America,Uruguay,Venezuela (Bolivarian Republic of),Barbados,Trinidad and Tobago,Jamaica,Grenada,Suriname,Dominica,Saint Lucia,Antigua and Barbuda,Saint Vincent and the Grenadines,Bahamas,Saint Kitts and Nevis,Canada,Belize,Guyana
Argentina,2015,,419048.0,48792.0,213119.0,8640.0,123.0,1106.0,684.0,955.0,73.0,96.0,41.0,66.0,1450.0,91.0,161.0,679044.0,195320.0,5135.0,132749.0,1240.0,7.0,34.0,11.0,11.0,5.0,4.0,,,,,,530.0,6.0,
Bolivia (Plurinational State of),2015,42691.0,,25688.0,4730.0,2964.0,146.0,1770.0,116.0,1002.0,127.0,142.0,15.0,231.0,9522.0,111.0,109.0,4285.0,11282.0,4896.0,509.0,773.0,0.0,5.0,7.0,0.0,0.0,3.0,,0.0,,0.0,0.0,1380.0,905.0,5.0
Brazil,2015,34699.0,46336.0,,18422.0,8179.0,461.0,2479.0,372.0,2065.0,272.0,348.0,65.0,151.0,3198.0,438.0,621.0,46857.0,17931.0,28068.0,28708.0,3425.0,33.0,224.0,165.0,31.0,325.0,25.0,173.0,,35.0,18.0,36.0,1894.0,6.0,2264.0
Chile,2015,70415.0,37554.0,18243.0,,23471.0,467.0,3049.0,278.0,23471.0,233.0,227.0,44.0,240.0,1739.0,240.0,516.0,1226.0,178385.0,8058.0,2288.0,4134.0,5.0,12.0,23.0,5.0,5.0,30.0,62.0,13.0,5.0,2.0,13.0,1847.0,2.0,15.0
Colombia,2015,3199.0,818.0,2337.0,2024.0,,1056.0,1820.0,385.0,14232.0,384.0,460.0,116.0,352.0,2854.0,573.0,2067.0,216.0,5044.0,18841.0,435.0,46614.0,,37.0,60.0,,,49.0,,40.0,,,,985.0,,19.0
Costa Rica,2015,1504.0,379.0,558.0,1782.0,21787.0,,5897.0,1126.0,1303.0,14239.0,2725.0,73.0,4020.0,3176.0,299340.0,11702.0,85.0,3876.0,12982.0,321.0,1415.0,11.0,35.0,223.0,8.0,21.0,5.0,1.0,,1.0,12.0,1.0,1443.0,143.0,29.0
Cuba,2015,157.0,54.0,,166.0,149.0,,,113.0,57.0,,64.0,872.0,,375.0,252.0,77.0,,80.0,500.0,,182.0,,,276.0,76.0,,,,,,,,57.0,,
Dominican Republic,2015,1071.0,171.0,645.0,633.0,3606.0,307.0,3841.0,,582.0,267.0,429.0,329281.0,424.0,1498.0,292.0,757.0,25.0,1428.0,25814.0,183.0,5417.0,,23.0,133.0,,27.0,15.0,,179.0,,39.0,137.0,1216.0,,23.0
Ecuador,2015,5399.0,1528.0,2654.0,11341.0,194733.0,938.0,2994.0,353.0,,522.0,430.0,96.0,469.0,2258.0,392.0,964.0,242.0,13705.0,26802.0,958.0,8901.0,,45.0,37.0,,,,,,,48.0,,2341.0,,
El Salvador,2015,216.0,53.0,242.0,229.0,577.0,876.0,128.0,72.0,123.0,,8885.0,,11676.0,1714.0,7823.0,451.0,11.0,234.0,5397.0,75.0,242.0,40.0,,10.0,,,,,,,,,245.0,339.0,
Guatemala,2015,554.0,136.0,240.0,301.0,1156.0,1162.0,660.0,109.0,167.0,19198.0,,14.0,8387.0,17540.0,8561.0,300.0,59.0,457.0,8643.0,140.0,283.0,,,,,,,,,,,,397.0,916.0,
Haiti,2015,964.0,,,690.0,1715.0,568.0,2492.0,4984.0,,,,,,634.0,,,,727.0,3328.0,593.0,5198.0,,,,,,,,,,,,1302.0,,
Honduras,2015,140.0,108.0,174.0,227.0,636.0,631.0,449.0,99.0,338.0,6486.0,3375.0,32.0,,1148.0,5690.0,292.0,26.0,282.0,4981.0,49.0,75.0,,,20.0,,,,,,,,,256.0,268.0,
Mexico,2015,18728.0,2715.0,6198.0,7202.0,20135.0,2468.0,17653.0,1992.0,2736.0,10054.0,53128.0,1296.0,15027.0,,5369.0,1756.0,767.0,8853.0,876528.0,2947.0,15959.0,,26.0,174.0,,,,,,,,,14121.0,3160.0,
Nicaragua,2015,270.0,64.0,122.0,126.0,447.0,10772.0,941.0,69.0,111.0,2444.0,1762.0,23.0,12439.0,846.0,,405.0,,228.0,3606.0,38.0,159.0,,,20.0,,,,,119.0,,84.0,,252.0,24.0,
Panama,2015,2550.0,454.0,2002.0,1813.0,55251.0,7760.0,2825.0,8095.0,2672.0,3225.0,1606.0,542.0,1504.0,4832.0,12915.0,,122.0,4290.0,14040.0,762.0,9883.0,32.0,119.0,697.0,27.0,,58.0,,,,,,1808.0,86.0,48.0
Paraguay,2015,57056.0,1009.0,73715.0,2109.0,,,,,,,,,,1605.0,,,,,1576.0,2925.0,,,,,,,,,,,,,2281.0,,
Peru,2015,11354.0,5722.0,4859.0,7182.0,5937.0,337.0,905.0,181.0,3990.0,108.0,163.0,49.0,165.0,1491.0,161.0,344.0,545.0,,9853.0,612.0,3237.0,,,,,,,,,22.0,,,1223.0,,
United States of America,2015,179639.0,80073.0,347968.0,97901.0,687696.0,85924.0,1131284.0,940874.0,442693.0,1276489.0,881191.0,604004.0,530645.0,12050031.0,257427.0,107852.0,28642.0,442615.0,,47664.0,197171.0,54780.0,240948.0,712830.0,32460.0,13338.0,29579.0,21076.0,28558.0,22808.0,33617.0,17226.0,842175.0,49765.0,269778.0
Uruguay,2015,22521.0,,10496.0,1384.0,,,,,,,,,,466.0,,,1583.0,1533.0,2853.0,,463.0,,,,,,,,,,,,284.0,,
Venezuela (Bolivarian Republic of),2015,9944.0,1967.0,6026.0,15263.0,973315.0,1127.0,11423.0,14743.0,36973.0,1015.0,428.0,1900.0,294.0,3831.0,2045.0,880.0,214.0,47007.0,11242.0,4795.0,,7.0,2808.0,95.0,163.0,46.0,0.0,6.0,,121.0,,,1136.0,20.0,9149.0
Barbados,2015,,,,,,,58.0,,,,,33.0,,,,,,,1034.0,,,,1490.0,994.0,389.0,47.0,337.0,2177.0,194.0,3114.0,49.0,109.0,689.0,22.0,6594.0
Trinidad and Tobago,2015,,,,,,,76.0,,,,,,,,,,,,5798.0,,1732.0,1066.0,,1497.0,8026.0,,,880.0,,6430.0,,,1777.0,,9830.0
Jamaica,2015,,,,,,99.0,1791.0,,,132.0,302.0,,160.0,,123.0,74.0,,,6193.0,,,533.0,2299.0,,205.0,,137.0,328.0,153.0,224.0,662.0,96.0,1313.0,7.0,
Grenada,2015,,,,,,,,,,,,,,,,,,,,,341.0,178.0,2196.0,115.0,,,74.0,163.0,38.0,377.0,30.0,15.0,227.0,,341.0
Suriname,2015,,,5456.0,,,,,,,,,,,,,,,,,,,,,,,,,,,,,,,,13284.0
Dominica,2015,,,,,,,12.0,,,,,1395.0,,,,,,,623.0,,30.0,167.0,306.0,129.0,,19.0,,281.0,442.0,125.0,12.0,63.0,184.0,,190.0
Saint Lucia,2015,,,12.0,,,,24.0,48.0,,,4.0,,,9.0,,28.0,,,663.0,,63.0,778.0,780.0,187.0,159.0,42.0,229.0,,118.0,435.0,13.0,44.0,256.0,1.0,1974.0
Antigua and Barbuda,2015,,,,,,,20.0,1784.0,,,,33.0,7.0,5.0,,,,,2626.0,,39.0,302.0,720.0,3990.0,192.0,45.0,4745.0,676.0,,918.0,2.0,476.0,434.0,14.0,6472.0
Saint Vincent and the Grenadines,2015,,,,,,,,,,,,,,,,,,,338.0,,,347.0,964.0,125.0,433.0,,86.0,237.0,58.0,,,39.0,163.0,,243.0
Bahamas,2015,111.0,,121.0,35.0,193.0,54.0,401.0,291.0,43.0,73.0,35.0,27591.0,43.0,134.0,10.0,52.0,,314.0,9664.0,17.0,30.0,238.0,390.0,7503.0,33.0,,75.0,78.0,14.0,40.0,,34.0,1567.0,44.0,1335.0
Saint Kitts and Nevis,2015,,,,,,,,,,,,,,,,,,,,,,96.0,266.0,141.0,57.0,,200.0,102.0,404.0,168.0,24.0,,,,777.0
Canada,2015,21350.0,5667.0,29345.0,29090.0,70497.0,5039.0,15128.0,9803.0,15590.0,48632.0,17555.0,93443.0,7084.0,93557.0,9923.0,2871.0,8348.0,30099.0,343252.0,7485.0,19732.0,17207.0,74682.0,140185.0,11524.0,994.0,3361.0,5928.0,2677.0,13973.0,2160.0,2285.0,,2149.0,96531.0
Belize,2015,,,,,,,,,,8697.0,23231.0,53.0,8496.0,3472.0,,,,,4036.0,,,,,489.0,,,,,,,,,818.0,,
Guyana,2015,,,2135.0,,,,,,,,,,,,,,,,1255.0,,2099.0,268.0,880.0,295.0,193.0,4595.0,43.0,219.0,19.0,368.0,15.0,,400.0,,
